created_at,text
2021-12-04 5:33:04,RT @FTMAS0N: olivia rodrigo &amp; joshua bassett just need to get coffee and talk things out bc damn
2021-12-04 5:32:32,People that say I wish I had an Olivia Rodrigo as a teen. Ma‚Äôam put some respect on our queen Michelle Branch singing Goodbye To You.
2021-12-04 5:32:16,RT @SaintEverlore: the demonization of olivia rodrigo is reminiscent to the demonization of taylor during the speak now era with john mayer‚Ä¶
2021-12-04 5:32:07,RT @PopBase: Rolling Stone names ‚ÄòSOUR‚Äô by Olivia Rodrigo the best album of 2021. https://t.co/rHLirjdP9p
2021-12-04 5:31:54,RT @hoefornetflix: i just think olivia rodrigo and joshua bassett should settle their problems with a rap battle
2021-12-04 5:31:52,RT @good4liv_: me looking at my spotify wrapped as if i haven‚Äôt listened to anything but taylor swift and olivia rodrigo https://t.co/EGmLz‚Ä¶
2021-12-04 5:31:42,RT @PopCrave: Joshua Bassett says it felt ‚Äúimpossible‚Äù and like a ‚Äúlosing game‚Äù to defend himself in the wake of the ‚Äúdrivers license‚Äù medi‚Ä¶
2021-12-04 5:31:38,"RT @RollingStone: From Olivia Rodrigo to Rauw Alejandro to Jazmine Sullivan, from groundbreaking hip-hop to truth-telling indie-rock, these‚Ä¶"
2021-12-04 5:31:04,RT @darlinglivs: thinking about olivia rodrigo and alanis morissette‚Äôs rolling stone interview today https://t.co/bDf506GzyG
2021-12-04 5:31:03,All the things I did just so I can call you mineee q buen tema olivia rodrigo una genia
2021-12-04 5:30:44,"RT @RollingStone: From Olivia Rodrigo to Rauw Alejandro to Jazmine Sullivan, from groundbreaking hip-hop to truth-telling indie-rock, these‚Ä¶"
2021-12-04 5:30:38,RT @stelenasmp3: protecting both joshua basset and olivia rodrigo at all costs neither of them deserve hate https://t.co/mm2urusRTM
2021-12-04 5:30:26,Olivia rodrigo is the songbird of our generation
2021-12-04 5:30:18,"RT @RollingStone: From Olivia Rodrigo to Rauw Alejandro to Jazmine Sullivan, from groundbreaking hip-hop to truth-telling indie-rock, these‚Ä¶"
2021-12-04 5:30:05,"RT @RollingStone: From Olivia Rodrigo to Rauw Alejandro to Jazmine Sullivan, from groundbreaking hip-hop to truth-telling indie-rock, these‚Ä¶"
2021-12-04 5:30:00,Olivia Rodrigo performs a rock version of her #1 hit 'drivers license' from her Austin City Limits set in October.‚Ä¶ https://t.co/lnHH50d06y
2021-12-04 5:29:43,Lying about liking Olivia rodrigo to get with this chick
2021-12-04 5:29:32,"RT @PopBase: Olivia Rodrigo stuns in new set of Instagram photos.

‚Äúthe girls r girling‚Äù https://t.co/6zq79UWzjy"
2021-12-04 5:29:17,RT @livsreputation: As Olivia Rodrigo once said ‚Ä¶‚Ä¶ what do you want me to write about‚Ä¶.. taxes????
2021-12-04 5:29:08,"RT @PopBase: Olivia Rodrigo stuns in new set of Instagram photos.

‚Äúthe girls r girling‚Äù https://t.co/6zq79UWzjy"
2021-12-04 5:28:49,"RT @mslizzieforbes: It took Olivia Rodrigo more than 8 months to say ‚Äòdon‚Äôt send death threats‚Äô.
Joshua Bassett and Sabrina Carpenter have‚Ä¶"
2021-12-04 5:28:22,"RT @RollingStone: From Olivia Rodrigo to Rauw Alejandro to Jazmine Sullivan, from groundbreaking hip-hop to truth-telling indie-rock, these‚Ä¶"
2021-12-04 5:28:05,@joshscardigan announcement: don't ever use the peace sign or u will be copying olivia rodrigo!! /sarc
2021-12-04 5:27:39,RT @taysdaisyy: we as a society need to protect olivia rodrigo from getting the taylor swift treatment
2021-12-04 5:27:14,"RT @MajaStarvador: Maja Salvador as 2021 albums :

Adele - 30
Olivia Rodrigo - Sour
Lorde - Solar Power
Billie Eilish - Happier Than Ever
D‚Ä¶"
2021-12-04 5:26:30,RT @PopCrave: Joshua Bassett says it felt ‚Äúimpossible‚Äù and like a ‚Äúlosing game‚Äù to defend himself in the wake of the ‚Äúdrivers license‚Äù medi‚Ä¶
2021-12-04 5:26:21,"RT @RollingStone: From Olivia Rodrigo to Rauw Alejandro to Jazmine Sullivan, from groundbreaking hip-hop to truth-telling indie-rock, these‚Ä¶"
2021-12-04 5:26:18,RT @colourmeblur: you can enjoy olivia rodrigo and joshua bassett and sabrina carpenter at the same time and that‚Äôs fine !!!! just grow up‚Ä¶
2021-12-04 5:24:53,RT @taysdaisyy: we as a society need to protect olivia rodrigo from getting the taylor swift treatment
2021-12-04 5:24:49,hey bixby play traitor by olivia rodrigo https://t.co/1kMPqAS1OQ
2021-12-04 5:24:44,what's happen with olivia rodrigo and joshua?!! i really don't know and I confused üÜó
2021-12-04 5:24:23,RT @darlinglivs: thinking about olivia rodrigo and alanis morissette‚Äôs rolling stone interview today https://t.co/bDf506GzyG
2021-12-04 5:24:21,"@vestibuohl in the words of Olivia Rodrigo, https://t.co/VWWYRnDmru"
2021-12-04 5:23:55,"RT @hqrodrigo: just olivia rodrigo holding the #1 album of the year, no biggie https://t.co/OS6JSD6WpM"
2021-12-04 5:23:39,"RT @hqrodrigo: just olivia rodrigo holding the #1 album of the year, no biggie https://t.co/OS6JSD6WpM"
2021-12-04 5:23:26,so during winter break (along with finally making a carrd) i think i‚Äôm gonna try stanning olivia rodrigo harder bc‚Ä¶ https://t.co/uAG40MNGS9
2021-12-04 5:23:26,"@_9ueve Lauryn Hill
Clairo
SZA
Olivia Rodrigo
just deeped I dont listen to women in music enough"
2021-12-04 5:22:57,RT @boughtmecoffee: 2021 really is olivia rodrigo‚Äôs year https://t.co/5UcHOyaKJ0
2021-12-04 5:22:33,RT @taysdaisyy: we as a society need to protect olivia rodrigo from getting the taylor swift treatment
2021-12-04 5:21:51,Olivia Rodrigo - drivers license
2021-12-04 5:21:49,@ddanacomposer olivia rodrigo is nice but is it easy for you to hit the high notes? the feels by twice? or a 1d song?
2021-12-04 5:21:21,"RT @jaehyunsour: say hello to ‚ÄúSOUR‚Äù by Olivia Rodrigo, the best album of 2021, according to Rolling Stone! https://t.co/fYII0m1rZe"
2021-12-04 5:21:01,So jack and Olivia rodrigo interactions tomorrow ü§î
2021-12-04 5:20:35,olivia rodrigo and est gee best artists of the year
2021-12-04 5:20:05,"my angry playlist includes OLIVIA RODRIGO, Taylor swift, DAY6, and Paramore

the uppercase lettered names really make me feel 2x angrier"
2021-12-04 5:19:55,RT @jelousyliv: ‚ÄòSOUR‚Äô being named the best album of 2021 by rolling stone?! olivia rodrigo keeps winning https://t.co/Gwlc3ng795
2021-12-04 5:19:55,RT @livsreputation: As Olivia Rodrigo once said ‚Ä¶‚Ä¶ what do you want me to write about‚Ä¶.. taxes????
2021-12-04 5:19:35,RT @colourmeblur: you can enjoy olivia rodrigo and joshua bassett and sabrina carpenter at the same time and that‚Äôs fine !!!! just grow up‚Ä¶
2021-12-04 5:19:34,"RT @PopBase: Olivia Rodrigo has received the Apple Music awards for:

‚Ä¢ Breakthrough Artist Of The Year
‚Ä¢ Song Of The Year: drivers license‚Ä¶"
2021-12-04 5:19:27,"RT @BW: Olivia Rodrigo's first single, ‚ÄúDrivers License,‚Äù set a one-day record on Spotify, with more than 15 million streams, then beat tha‚Ä¶"
2021-12-04 5:19:14,RT @FTMAS0N: olivia rodrigo &amp; joshua bassett just need to get coffee and talk things out bc damn
2021-12-04 5:19:06,RT @ohh_livi_yuhh: Hoping and wishing for the day where DC club dj‚Äôs will let stop terrorizing the public with top 40 chart + 2010 big room‚Ä¶
2021-12-04 5:19:06,RT @Katie_Krause: I‚Äôll be backstage at #jingleBall tonight and at Variety‚Äôs Hitmaker event tomorrow! Lmk if any questions for BTS‚Ä¶ JoJo Siw‚Ä¶
2021-12-04 5:19:04,"RT @BW: Olivia Rodrigo's first single, ‚ÄúDrivers License,‚Äù set a one-day record on Spotify, with more than 15 million streams, then beat tha‚Ä¶"
2021-12-04 5:18:50,"RT @RollingStone: From Olivia Rodrigo to Rauw Alejandro to Jazmine Sullivan, from groundbreaking hip-hop to truth-telling indie-rock, these‚Ä¶"
2021-12-04 5:18:47,RT @hoefornetflix: i just think olivia rodrigo and joshua bassett should settle their problems with a rap battle
2021-12-04 5:18:30,RT @jaehyunsour: drop #WELOVEYOUOLIVIA if you love Olivia Rodrigo! https://t.co/KmLqh7sOf6
2021-12-04 5:18:05,#NowPlaying Olivia Rodrigo - drivers license https://t.co/GUKzfU6snO
2021-12-04 5:18:02,"Thank you Olivia Rodrigo for spending 4,035 minutes with me this year on @Spotify. You are my #1. #SpotifyWrapped https://t.co/OxnhyuHaNB"
2021-12-04 5:17:33,RT @hoefornetflix: i just think olivia rodrigo and joshua bassett should settle their problems with a rap battle
2021-12-04 5:17:06,"RT @PopBase: Olivia Rodrigo stuns in new set of Instagram photos.

‚Äúthe girls r girling‚Äù https://t.co/6zq79UWzjy"
2021-12-04 5:16:51,what do you guys think is a good song that I could sing for a competition?? I was thinking olivia rodrigo traitor b‚Ä¶ https://t.co/zs44S5lVLB
2021-12-04 5:16:46,RT @taysdaisyy: we as a society need to protect olivia rodrigo from getting the taylor swift treatment
2021-12-04 5:16:00,RT @PopBase: Rolling Stone names ‚ÄòSOUR‚Äô by Olivia Rodrigo the best album of 2021. https://t.co/rHLirjdP9p
2021-12-04 5:15:44,RT @taysdaisyy: we as a society need to protect olivia rodrigo from getting the taylor swift treatment
2021-12-04 5:15:44,"Olivia Rodrigo‚Äôs fans and Joshua Bassett‚Äôs fans need to STFU, I want to enjoy their music in peace."
2021-12-04 5:15:40,"RT @RollingStone: From Olivia Rodrigo to Rauw Alejandro to Jazmine Sullivan, from groundbreaking hip-hop to truth-telling indie-rock, these‚Ä¶"
2021-12-04 5:15:38,RT @aadin_dee: UM HELLLOOOO??? DAIYAN TRISHA'S PENAT MV IS SO GOOD? ALSO TUJU'S PART MAKES THE SONG EVEN BETTER THAN IT ALREADY WAS??? JABX‚Ä¶
2021-12-04 5:15:13,Now playing on Jeffro Radio: deja vu by @Olivia_Rodrigo - DL our free app &amp; listen at https://t.co/6H605GFbmp https://t.co/8jH0zv8I6i
2021-12-04 5:14:41,"The way I‚Äôm seeing mindy, maitreyi, and olivia rodrigo tomorrow‚Ä¶ I‚Äôm going to sh*t my pants"
2021-12-04 5:14:36,"RT @AP0CALPYTIC: people disappoint, olivia rodrigo‚Äôs music doesn't."
2021-12-04 5:14:08,RT @livsreputation: As Olivia Rodrigo once said ‚Ä¶‚Ä¶ what do you want me to write about‚Ä¶.. taxes????
2021-12-04 5:13:48,RT @jaehyunsour: drop #WELOVEYOUOLIVIA if you love Olivia Rodrigo! https://t.co/KmLqh7sOf6
2021-12-04 5:13:46,RT @jelousyliv: ‚ÄòSOUR‚Äô being named the best album of 2021 by rolling stone?! olivia rodrigo keeps winning https://t.co/Gwlc3ng795
2021-12-04 5:13:46,"RT @hqrodrigo: just olivia rodrigo holding the #1 album of the year, no biggie https://t.co/OS6JSD6WpM"
2021-12-04 5:13:41,RT @EN0UGH4Y0U: every tongue that rises up against olivia rodrigo shall fall https://t.co/opc22pInHs
2021-12-04 5:12:40,"RT @CarineK: Twitter isn't the real world. We are just a very loud minority. In the real, nobody cares about Joshua. People barely know of‚Ä¶"
2021-12-04 5:12:15,RT @PopCrave: Olivia Rodrigo shares a performance of ‚Äúdrivers license‚Äù with a rock arrangement from her Austin City Limits set in October.
2021-12-04 5:12:01,Olivia Rodrigo - good 4 u (Dirty)  #NP on #GTVRadio #submit
2021-12-04 5:11:59,neither olivia rodrigo or joshua basset deserve hate rn this is pissing me off. like so many peopls are attacking h‚Ä¶ https://t.co/qbEzAxP2bN
2021-12-04 5:11:47,"RT @RollingStone: From Olivia Rodrigo to Rauw Alejandro to Jazmine Sullivan, from groundbreaking hip-hop to truth-telling indie-rock, these‚Ä¶"
2021-12-04 5:11:44,"RT @RollingStone: From Olivia Rodrigo to Rauw Alejandro to Jazmine Sullivan, from groundbreaking hip-hop to truth-telling indie-rock, these‚Ä¶"
2021-12-04 5:11:41,RT @recklessbeergnf: @AlbertsStuff @Alondra_moment do u like olivia rodrigo üëÄ
2021-12-04 5:11:24,"RT @swiftie_livie13: Olivia Rodrigo and Taylor Swift world domination. two strong, beautiful, successful women who deserve this so much htt‚Ä¶"
2021-12-04 5:11:16,RT @Katie_Krause: I‚Äôll be backstage at #jingleBall tonight and at Variety‚Äôs Hitmaker event tomorrow! Lmk if any questions for BTS‚Ä¶ JoJo Siw‚Ä¶
2021-12-04 5:10:46,RT @timeforjupiter: All these people saying Joshua Bassett is Olivia Rodrigo's John Mayer or Jake Gyllenhaal are so incorrect. He's a Disne‚Ä¶
2021-12-04 5:10:43,"RT @yelyahslimb: Hi my names brandy &amp; im new to stan Twitter! 
i stan:
-Paramore
-Hayley Williams
-Alessia Cara
-Billie Eilish
-Olivia Rodr‚Ä¶"
2021-12-04 5:10:30,@JacobWhitesides i had an olivia rodrigo phase ok https://t.co/YwihQqP4Ep
2021-12-04 5:10:24,RT @fredsreputation: It is a tough day to be both an Olivia Rodrigo and Joshua Bassett stan üò¨idk why people can‚Äôt accept the fact that the‚Ä¶
2021-12-04 5:10:05,RT @tays_version_13: Crazy how Olivia Rodrigo just stepped onto the music scene and we already have to make a hashtag to protect this poor‚Ä¶
2021-12-04 5:09:34,RT @livsreputation: As Olivia Rodrigo once said ‚Ä¶‚Ä¶ what do you want me to write about‚Ä¶.. taxes????
2021-12-04 5:09:31,RT @stelenasmp3: protecting both joshua basset and olivia rodrigo at all costs neither of them deserve hate https://t.co/mm2urusRTM
2021-12-04 5:09:20,RT @PopBase: Rolling Stone names ‚ÄòSOUR‚Äô by Olivia Rodrigo the best album of 2021. https://t.co/rHLirjdP9p
2021-12-04 5:08:35,"RT @mslizzieforbes: It took Olivia Rodrigo more than 8 months to say ‚Äòdon‚Äôt send death threats‚Äô.
Joshua Bassett and Sabrina Carpenter have‚Ä¶"
2021-12-04 5:08:24,Icb I almost dated this hoe who has the same big 3 as Olivia Rodrigo. If ever Imma get cursed. :DD
2021-12-04 5:07:55,olivia rodrigo‚Äôs music is what they play to help induce insanity (its very bad)
2021-12-04 5:07:47,RT @taysdaisyy: we as a society need to protect olivia rodrigo from getting the taylor swift treatment
2021-12-04 5:07:47,RT @ZachFisch: When Olivia Rodrigo asked ‚Äúwho am I if not exploited?‚Äù she set off the labor shortage
2021-12-04 5:07:42,RT @PopCrave: Joshua Bassett says it felt ‚Äúimpossible‚Äù and like a ‚Äúlosing game‚Äù to defend himself in the wake of the ‚Äúdrivers license‚Äù medi‚Ä¶
2021-12-04 5:06:59,RT @livsreputation: As Olivia Rodrigo once said ‚Ä¶‚Ä¶ what do you want me to write about‚Ä¶.. taxes????
2021-12-04 5:06:43,oomf foesnt listen to olivia rodrigo I hate white gays
2021-12-04 5:06:37,RT @hoefornetflix: i just think olivia rodrigo and joshua bassett should settle their problems with a rap battle
2021-12-04 5:06:32,RT @taysdaisyy: we as a society need to protect olivia rodrigo from getting the taylor swift treatment
2021-12-04 5:06:28,"RT @CarineK: Twitter isn't the real world. We are just a very loud minority. In the real, nobody cares about Joshua. People barely know of‚Ä¶"
2021-12-04 5:06:08,RT @taysdaisyy: we as a society need to protect olivia rodrigo from getting the taylor swift treatment
2021-12-04 5:06:05,RT @FTMAS0N: olivia rodrigo &amp; joshua bassett just need to get coffee and talk things out bc damn
2021-12-04 5:05:58,RT @timeforjupiter: All these people saying Joshua Bassett is Olivia Rodrigo's John Mayer or Jake Gyllenhaal are so incorrect. He's a Disne‚Ä¶
2021-12-04 5:05:51,Bruh Olivia Rodrigo actually fucking slaps. Good 4 U is banging and im sad I only listened to her now
2021-12-04 5:05:48,I love Olivia Rodrigo‚Ä¶.but here me out‚Ä¶‚Ä¶. Josh‚Äôs EP is so f*ing good tho
2021-12-04 5:05:30,RT @taysdaisyy: we as a society need to protect olivia rodrigo from getting the taylor swift treatment
2021-12-04 5:05:14,"RT @PopBase: Olivia Rodrigo stuns in new set of Instagram photos.

‚Äúthe girls r girling‚Äù https://t.co/6zq79UWzjy"
2021-12-04 5:04:57,"RT @atwverse4: hey everyoneee
i‚Äôm new to stan twitter, pls rt to help me find mootsü§ç
i stan:
taylor swift 
olivia rodrigo 
naya rivera 
gle‚Ä¶"
2021-12-04 5:04:57,"RT @atwverse4: hey everyoneee
i‚Äôm new to stan twitter, pls rt to help me find mootsü§ç
i stan:
taylor swift 
olivia rodrigo 
naya rivera 
gle‚Ä¶"
2021-12-04 5:04:48,RT @taysdaisyy: we as a society need to protect olivia rodrigo from getting the taylor swift treatment
2021-12-04 5:04:21,I've come to the conclusion that Olivia Rodrigo in season one of hsmtmts is just Bridget Mendler but brunette
2021-12-04 5:04:01,RT @colourmeblur: you can enjoy olivia rodrigo and joshua bassett and sabrina carpenter at the same time and that‚Äôs fine !!!! just grow up‚Ä¶
2021-12-04 5:03:25,RT @FTMAS0N: olivia rodrigo &amp; joshua bassett just need to get coffee and talk things out bc damn
2021-12-04 5:03:23,RT @luvrodrigo: me acting surprised when olivia rodrigo shows up on my spotify wrapped https://t.co/PH9KbDN8uT
2021-12-04 5:03:22,"RT @The_Hot_Sheet: The Hot Sheet : OLIVIA RODRIGO (@oliviarodrigo) : Billboard Hot 100 chart history : Presented in 4K, please use the retw‚Ä¶"
2021-12-04 5:03:17,RT @good4liv_: me looking at my spotify wrapped as if i haven‚Äôt listened to anything but taylor swift and olivia rodrigo https://t.co/EGmLz‚Ä¶
2021-12-04 5:02:59,i dont understand why olivia rodrigo would have more the right than him to channel her emotions through her songs (‚Ä¶ https://t.co/JQi1Lrm0Lc
2021-12-04 5:02:09,RT @PopCrave: Joshua Bassett says it felt ‚Äúimpossible‚Äù and like a ‚Äúlosing game‚Äù to defend himself in the wake of the ‚Äúdrivers license‚Äù medi‚Ä¶
2021-12-04 5:02:04,"RT @RollingStone: At 18, Olivia Rodrigo is already a killer songwriter who‚Äôs mastered all the tricks. Read why ‚ÄòSour‚Äô topped our list of th‚Ä¶"
2021-12-04 5:02:03,RT @taysdaisyy: we as a society need to protect olivia rodrigo from getting the taylor swift treatment
2021-12-04 5:01:51,"RT @RollingStone: From Olivia Rodrigo to Rauw Alejandro to Jazmine Sullivan, from groundbreaking hip-hop to truth-telling indie-rock, these‚Ä¶"
2021-12-04 5:01:42,Who is Olivia Rodrigo
2021-12-04 5:01:24,"RT @BW: Olivia Rodrigo's first single, ‚ÄúDrivers License,‚Äù set a one-day record on Spotify, with more than 15 million streams, then beat tha‚Ä¶"
2021-12-04 5:01:21,"RT @Spicytraitor: Olivia Rodrigo:
         üòê
        ‚â§))‚â•
         / \ 
       /     \                    Me:
     /         \‚Ä¶"
2021-12-04 5:01:11,No ar: Olivia Rodrigo - Drivers License
2021-12-04 5:01:07,RT @SaintEverlore: the demonization of olivia rodrigo is reminiscent to the demonization of taylor during the speak now era with john mayer‚Ä¶
2021-12-04 5:01:05,"@McKenzie_HHT LDR, 070 shake, WILLOW, Olivia Rodrigo, Ariana grande, and Rihanna"
2021-12-04 5:01:04,RT @livsreputation: As Olivia Rodrigo once said ‚Ä¶‚Ä¶ what do you want me to write about‚Ä¶.. taxes????
2021-12-04 5:01:03,RT @conanupdating: conan in olivia rodrigo‚Äôs recent instagram post! (12/3) https://t.co/O0UPMsSR9X
2021-12-04 5:00:39,"RT @mslizzieforbes: It took Olivia Rodrigo more than 8 months to say ‚Äòdon‚Äôt send death threats‚Äô.
Joshua Bassett and Sabrina Carpenter have‚Ä¶"
2021-12-04 5:00:38,RT @darlinglivs: thinking about olivia rodrigo and alanis morissette‚Äôs rolling stone interview today https://t.co/bDf506GzyG
2021-12-04 5:00:34,RT @livsreputation: As Olivia Rodrigo once said ‚Ä¶‚Ä¶ what do you want me to write about‚Ä¶.. taxes????
2021-12-04 5:00:32,olivia rodrigo please go on a date with me
2021-12-04 5:00:22,"@shalvhn olivia rodrigo

TREASURE DOYOUNG DAY
#PrinceDoyoungDay
#ÎèÑÏòÅÏù¥_Î≤åÏä§Îç∞Ïù¥_ÌñÖÏÇêÌñÖÏÇêÎ°úÌÜµÌÜµ 
#„Éâ„É®„É≥„Å°„ÇÉ„Çì„Åä„ÇÅ„Åß„Éà„É≥„Éà„É≥
@treasuremembers"
2021-12-04 5:00:12,"Olivia Rodrigo's first single, ‚ÄúDrivers License,‚Äù set a one-day record on Spotify, with more than 15 million stream‚Ä¶ https://t.co/9gqVDrNDjc"
2021-12-04 4:59:57,RT @naleymers: i don‚Äôt think it‚Äôs occurred to some of you that olivia rodrigo and joshua basset‚Äôs personal lives are none of our business a‚Ä¶
2021-12-04 4:59:53,"@MUSIKMENFESS Olivia rodrigo, her music is great but just not my style (I'm more into sweet melodies rnb)"
2021-12-04 4:59:43,"when olivia rodrigo said ""all i did was try my best this the kind of thanks i get"" i teared up a little"
2021-12-04 4:59:39,RT @PopBase: Rolling Stone names ‚ÄòSOUR‚Äô by Olivia Rodrigo the best album of 2021. https://t.co/rHLirjdP9p
2021-12-04 4:59:18,"RT @RollingStone: From Olivia Rodrigo to Rauw Alejandro to Jazmine Sullivan, from groundbreaking hip-hop to truth-telling indie-rock, these‚Ä¶"
2021-12-04 4:59:17,RT @darlinglivs: thinking about olivia rodrigo and alanis morissette‚Äôs rolling stone interview today https://t.co/bDf506GzyG
2021-12-04 4:59:05,RT @stelenasmp3: protecting both joshua basset and olivia rodrigo at all costs neither of them deserve hate https://t.co/mm2urusRTM
2021-12-04 4:58:43,Olivia Rodrigo‚Äôs music is ass
2021-12-04 4:58:26,RT @livsreputation: As Olivia Rodrigo once said ‚Ä¶‚Ä¶ what do you want me to write about‚Ä¶.. taxes????
2021-12-04 4:58:25,"RT @RollingStone: At 18, Olivia Rodrigo is already a killer songwriter who‚Äôs mastered all the tricks. Read why ‚ÄòSour‚Äô topped our list of th‚Ä¶"
2021-12-04 4:58:01,RT @darlinglivs: thinking about olivia rodrigo and alanis morissette‚Äôs rolling stone interview today https://t.co/bDf506GzyG
2021-12-04 4:58:00,RT @jaehyunsour: drop #WELOVEYOUOLIVIA if you love Olivia Rodrigo! https://t.co/KmLqh7sOf6
2021-12-04 4:57:57,RT @taysdaisyy: we as a society need to protect olivia rodrigo from getting the taylor swift treatment
2021-12-04 4:57:53,@Loki_ThorsBro joshua bassett! he‚Äôs an actor and singer. he plays in High School Musical: The Musical: The Series w‚Ä¶ https://t.co/hUcGQPU3hF
2021-12-04 4:57:39,RT @FTMAS0N: olivia rodrigo &amp; joshua bassett just need to get coffee and talk things out bc damn
2021-12-04 4:57:28,"RT @CarineK: Twitter isn't the real world. We are just a very loud minority. In the real, nobody cares about Joshua. People barely know of‚Ä¶"
2021-12-04 4:57:26,"RT @saydewallace: I realize I am a fully adult woman, but it is 8 am and I am LIVING for this Joshua Basset/Olivia Rodrigo drama. ‚òïÔ∏è"
2021-12-04 4:56:59,didn‚Äôt olivia‚Äôs music video have bts tagged in it like 6 months ago.. y‚Äôall were all defensive then. i promise josh‚Ä¶ https://t.co/3KJdAVaEiG
2021-12-04 4:56:47,"Taylor Swift , BlackPink and Olivia Rodrigo https://t.co/GaAgCrM5me"
2021-12-04 4:56:26,RT @whatevenwtf: olivia rodrigo when she heard joshua bassett expose her for cheating &amp; letting him get hate while dying https://t.co/970VR‚Ä¶
2021-12-04 4:56:20,RT @enews: Joshua Bassett Seemingly Responds to Olivia Rodrigo's Sour With New Trio of Songs https://t.co/xUAyhXgpj7
2021-12-04 4:56:17,"@shalvhn Olivia rodrigo

TREASURE DOYOUNG DAY
#PrinceDoyoungDay
#ÎèÑÏòÅÏù¥_Î≤åÏä§Îç∞Ïù¥_ÌñÖÏÇêÌñÖÏÇêÎ°úÌÜµÌÜµ 
#„Éâ„É®„É≥„Å°„ÇÉ„Çì„Åä„ÇÅ„Åß„Éà„É≥„Éà„É≥
@treasuremembers"
2021-12-04 4:55:37,Deja vu by Olivia Rodrigo is objectively the best song of 2021 sonically‚Ä¶ I don‚Äôt make the rules ü§∑ https://t.co/MO9MyftqHU
2021-12-04 4:55:36,"olivia rodrigo

TREASURE DOYOUNG DAY
#PrinceDoyoungDay
#ÎèÑÏòÅÏù¥_Î≤åÏä§Îç∞Ïù¥_ÌñÖÏÇêÌñÖÏÇêÎ°úÌÜµÌÜµ 
#„Éâ„É®„É≥„Å°„ÇÉ„Çì„Åä„ÇÅ„Åß„Éà„É≥„Éà„É≥
@treasuremembers"
2021-12-04 4:55:34,RT @stelenasmp3: protecting both joshua basset and olivia rodrigo at all costs neither of them deserve hate https://t.co/mm2urusRTM
2021-12-04 4:55:19,"So....
After listening to Joshua Bassett's singles &amp; reading his GQ article...
And relistening to Skinny Dipping by‚Ä¶ https://t.co/chAMqIGwPm"
2021-12-04 4:54:30,RT @tays_version_13: Crazy how Olivia Rodrigo just stepped onto the music scene and we already have to make a hashtag to protect this poor‚Ä¶
2021-12-04 4:54:05,RT @PopBase: Rolling Stone names ‚ÄòSOUR‚Äô by Olivia Rodrigo the best album of 2021. https://t.co/rHLirjdP9p
2021-12-04 4:54:01,RT @taysdaisyy: we as a society need to protect olivia rodrigo from getting the taylor swift treatment
2021-12-04 4:53:44,RT @taysdaisyy: we as a society need to protect olivia rodrigo from getting the taylor swift treatment
2021-12-04 4:53:27,RT @darlinglivs: thinking about olivia rodrigo and alanis morissette‚Äôs rolling stone interview today https://t.co/bDf506GzyG
2021-12-04 4:53:26,RT @livsreputation: As Olivia Rodrigo once said ‚Ä¶‚Ä¶ what do you want me to write about‚Ä¶.. taxes????
2021-12-04 4:53:07,RT @Kookooliv: This is just olivia rodrigo‚Äôs world and we are lucky enough to live in it #WELOVEYOUOLIVIA https://t.co/owaS6jU66Q
2021-12-04 4:52:08,"bf: ""i saw a picture of olivia rodrigo in a new dress and thought to myself, 'huh, i wonder if rodlyn has seen this'"""
2021-12-04 4:51:58,RT @livsreputation: As Olivia Rodrigo once said ‚Ä¶‚Ä¶ what do you want me to write about‚Ä¶.. taxes????
2021-12-04 4:51:44,RT @hoefornetflix: i just think olivia rodrigo and joshua bassett should settle their problems with a rap battle
2021-12-04 4:51:43,RT @stelenasmp3: protecting both joshua basset and olivia rodrigo at all costs neither of them deserve hate https://t.co/mm2urusRTM
2021-12-04 4:51:29,RT @PopCrave: Olivia Rodrigo shares a performance of ‚Äúdrivers license‚Äù with a rock arrangement from her Austin City Limits set in October.
2021-12-04 4:51:04,RT @hoefornetflix: i just think olivia rodrigo and joshua bassett should settle their problems with a rap battle
2021-12-04 4:50:39,RT @darlinglivs: thinking about olivia rodrigo and alanis morissette‚Äôs rolling stone interview today https://t.co/bDf506GzyG
2021-12-04 4:50:28,"In the most respectful way possible olivia rodrigo has nice boobs, like if I had her boobs I would be satisfied"
2021-12-04 4:50:02,"RT @remswift13: hi im not new but im a flop. rt if u like 

sabrina carpenter 
madison beer
ariana grande
taylor swift
joshua basset
olivia‚Ä¶"
2021-12-04 4:49:18,"RT @paytmitch: joshua bassett this and olivia rodrigo that 

but what about me https://t.co/PNdKqVVGHv"
2021-12-04 4:49:05,I can't believe Olivia Rodrigo follows her
2021-12-04 4:49:00,everytime i remember that olivia rodrigo made a song go past 100 mil streams in less than a week surprises me
2021-12-04 4:48:30,RT @PopCrave: Olivia Rodrigo shares a performance of ‚Äúdrivers license‚Äù with a rock arrangement from her Austin City Limits set in October.
2021-12-04 4:48:11,I hate Joshua basset ‚Ä¶. Anyways Alexa play sour by Olivia rodrigo
2021-12-04 4:48:10,RT @darlinglivs: thinking about olivia rodrigo and alanis morissette‚Äôs rolling stone interview today https://t.co/bDf506GzyG
2021-12-04 4:47:58,RT @finelinerry28: hi!! i‚Äôm not new to stan twt but i didn‚Äôt feel comfortable on my old acct so i‚Äôm moving to this one. i was @tbslivvy :))‚Ä¶
2021-12-04 4:47:56,"RT @mjdiorr: Berlin criying at the bar while  ""Traitor by Olivia Rodrigo"" playing 

 #MoneyHeist5 https://t.co/04mwOlbC4N"
2021-12-04 4:47:56,"RT @RocketPunch: [üé•] [#JURIFUL_DAYS 3] EP.4 JURI (Ï•¨Î¶¨) - drivers license Cover (ÏõêÍ≥°: Olivia Rodrigo)

‚ñ∂ https://t.co/fZstHs5JLr
‚ñ∂ https://t.c‚Ä¶"
2021-12-04 4:47:21,RT @samewhitelight: Never thought i would be invested in Joshua Basset &amp; Olivia Rodrigo's relationship again but here we are https://t.co/5‚Ä¶
2021-12-04 4:47:15,RT @livsreputation: As Olivia Rodrigo once said ‚Ä¶‚Ä¶ what do you want me to write about‚Ä¶.. taxes????
2021-12-04 4:46:58,RT @taysdaisyy: we as a society need to protect olivia rodrigo from getting the taylor swift treatment
2021-12-04 4:46:29,RT @taysdaisyy: we as a society need to protect olivia rodrigo from getting the taylor swift treatment
2021-12-04 4:46:25,RT @SaintEverlore: the demonization of olivia rodrigo is reminiscent to the demonization of taylor during the speak now era with john mayer‚Ä¶
2021-12-04 4:46:04,RT @timeforjupiter: All these people saying Joshua Bassett is Olivia Rodrigo's John Mayer or Jake Gyllenhaal are so incorrect. He's a Disne‚Ä¶
2021-12-04 4:45:44,RT @taysdaisyy: we as a society need to protect olivia rodrigo from getting the taylor swift treatment
2021-12-04 4:45:35,RT @ZachFisch: When Olivia Rodrigo asked ‚Äúwho am I if not exploited?‚Äù she set off the labor shortage
2021-12-04 4:45:14,RT @hqrodrigo: olivia rodrigo performing ‚Äòtraitor‚Äô live is truly an experience https://t.co/ISqT9VAYbO
2021-12-04 4:45:09,"RT @RollingStone: From Olivia Rodrigo to Rauw Alejandro to Jazmine Sullivan, from groundbreaking hip-hop to truth-telling indie-rock, these‚Ä¶"
2021-12-04 4:45:06,"RT @hqrodrigo: just olivia rodrigo holding the #1 album of the year, no biggie https://t.co/OS6JSD6WpM"
2021-12-04 4:44:55,"RT @J14Magazine: Joshua Bassett said he ""finally found the courage to speak up for myself.‚Äù
https://t.co/6Zh9RLUmKd"
2021-12-04 4:44:05,RT @livsreputation: As Olivia Rodrigo once said ‚Ä¶‚Ä¶ what do you want me to write about‚Ä¶.. taxes????
2021-12-04 4:44:01,"RT @The_Hot_Sheet: The Hot Sheet : OLIVIA RODRIGO (@oliviarodrigo) : Billboard Hot 100 chart history : Presented in 4K, please use the retw‚Ä¶"
2021-12-04 4:43:42,"RT @RollingStone: From Olivia Rodrigo to Rauw Alejandro to Jazmine Sullivan, from groundbreaking hip-hop to truth-telling indie-rock, these‚Ä¶"
2021-12-04 4:43:39,RT @livsreputation: As Olivia Rodrigo once said ‚Ä¶‚Ä¶ what do you want me to write about‚Ä¶.. taxes????
2021-12-04 4:43:35,RT @ZachFisch: When Olivia Rodrigo asked ‚Äúwho am I if not exploited?‚Äù she set off the labor shortage
2021-12-04 4:43:31,@jungkcore @BTS_twt OMG YOU'RE SO LUCK AFüò≠ SO ALEXA PLAY JEALOUSY JEALOUSY BY OLIVIA RODRIGOüò≠
2021-12-04 4:43:24,RT @livsreputation: As Olivia Rodrigo once said ‚Ä¶‚Ä¶ what do you want me to write about‚Ä¶.. taxes????
2021-12-04 4:43:23,RT @PopBase: Rolling Stone names ‚ÄòSOUR‚Äô by Olivia Rodrigo the best album of 2021. https://t.co/rHLirjdP9p
2021-12-04 4:43:18,"RT @RollingStone: From Olivia Rodrigo to Rauw Alejandro to Jazmine Sullivan, from groundbreaking hip-hop to truth-telling indie-rock, these‚Ä¶"
2021-12-04 4:43:14,RT @timeforjupiter: All these people saying Joshua Bassett is Olivia Rodrigo's John Mayer or Jake Gyllenhaal are so incorrect. He's a Disne‚Ä¶
2021-12-04 4:42:43,"RT @Itslivieqq: üö® | @RollingStone has named Olivia rodrigo's album ""Sour"" as the best album of 2021.

- Rodrigo pours out her heart about h‚Ä¶"
2021-12-04 4:42:37,"olivia rodrigo is so fucking cunt, main pop girl in the making"
2021-12-04 4:42:28,"RT @Spicytraitor: Olivia Rodrigo:
         üòê
        ‚â§))‚â•
         / \ 
       /     \                    Me:
     /         \‚Ä¶"
2021-12-04 4:41:06,RT @taysdaisyy: we as a society need to protect olivia rodrigo from getting the taylor swift treatment
2021-12-04 4:41:06,"RT @paytmitch: joshua bassett this and olivia rodrigo that 

but what about me https://t.co/PNdKqVVGHv"
2021-12-04 4:40:19,just switched this for Olivia Rodrigo updates account üíó
2021-12-04 4:40:13,My top artists of 2021 were Olivia Rodrigo and One Direction‚Ä¶‚Ä¶..
2021-12-04 4:40:02,Olivia Rodrigo - good 4 u
2021-12-04 4:39:11,RT @naleymers: i don‚Äôt think it‚Äôs occurred to some of you that olivia rodrigo and joshua basset‚Äôs personal lives are none of our business a‚Ä¶
2021-12-04 4:39:06,"joshua bassett this and olivia rodrigo that 

but what about me https://t.co/PNdKqVVGHv"
2021-12-04 4:39:05,"RT @hqrodrigo: just olivia rodrigo holding the #1 album of the year, no biggie https://t.co/OS6JSD6WpM"
2021-12-04 4:39:04,We bump to Taylor Swift and Olivia Rodrigo in this household
2021-12-04 4:39:00,I stan Olivia Rodrigo.
2021-12-04 4:38:52,"RT @hqrodrigo: just olivia rodrigo holding the #1 album of the year, no biggie https://t.co/OS6JSD6WpM"
2021-12-04 4:38:43,RT @FTMAS0N: olivia rodrigo &amp; joshua bassett just need to get coffee and talk things out bc damn
2021-12-04 4:38:39,"RT @TheLordeCult: ""Its minimal production and multi-layered harmonies proved highly prescient of the way pop would turn; certainly it is ha‚Ä¶"
2021-12-04 4:38:34,RT @livsreputation: As Olivia Rodrigo once said ‚Ä¶‚Ä¶ what do you want me to write about‚Ä¶.. taxes????
2021-12-04 4:38:30,RT @PopBase: Rolling Stone names ‚ÄòSOUR‚Äô by Olivia Rodrigo the best album of 2021. https://t.co/rHLirjdP9p
2021-12-04 4:38:25,olivia rodrigo when she heard joshua bassett expose her for cheating &amp; letting him get hate while dying https://t.co/970VR7eKji
2021-12-04 4:38:14,RT @SaintEverlore: the demonization of olivia rodrigo is reminiscent to the demonization of taylor during the speak now era with john mayer‚Ä¶
2021-12-04 4:38:07,RT @livsreputation: As Olivia Rodrigo once said ‚Ä¶‚Ä¶ what do you want me to write about‚Ä¶.. taxes????
2021-12-04 4:37:41,RT @taysdaisyy: we as a society need to protect olivia rodrigo from getting the taylor swift treatment
2021-12-04 4:37:39,RT @taysdaisyy: we as a society need to protect olivia rodrigo from getting the taylor swift treatment
2021-12-04 4:37:35,RT @timeforjupiter: All these people saying Joshua Bassett is Olivia Rodrigo's John Mayer or Jake Gyllenhaal are so incorrect. He's a Disne‚Ä¶
2021-12-04 4:37:25,"RT @AdeleMuseum: Longest #1 solo songs on Billboard Hot100 in 2021:
#1 - BTS - Butter - 10 weeks at #1
#2 - Olivia Rodrigo - Drivers Licens‚Ä¶"
2021-12-04 4:37:18,RT @timeforjupiter: All these people saying Joshua Bassett is Olivia Rodrigo's John Mayer or Jake Gyllenhaal are so incorrect. He's a Disne‚Ä¶
2021-12-04 4:36:53,it seems like olivia rodrigo has found her teenage dream on ig n i am jealous
2021-12-04 4:36:09,RT @hoefornetflix: i just think olivia rodrigo and joshua bassett should settle their problems with a rap battle
2021-12-04 4:36:01,"RT @RollingStone: From Olivia Rodrigo to Rauw Alejandro to Jazmine Sullivan, from groundbreaking hip-hop to truth-telling indie-rock, these‚Ä¶"
2021-12-04 4:36:00,RT @SaintEverlore: the demonization of olivia rodrigo is reminiscent to the demonization of taylor during the speak now era with john mayer‚Ä¶
2021-12-04 4:35:43,RT @SaintEverlore: the demonization of olivia rodrigo is reminiscent to the demonization of taylor during the speak now era with john mayer‚Ä¶
2021-12-04 4:35:00,Might have cited Olivia Rodrigo lyrics to get a point across to my boss today...#whenyouworkinretail
2021-12-04 4:34:23,RT @livsreputation: As Olivia Rodrigo once said ‚Ä¶‚Ä¶ what do you want me to write about‚Ä¶.. taxes????
2021-12-04 4:34:03,"RT @mslizzieforbes: It took Olivia Rodrigo more than 8 months to say ‚Äòdon‚Äôt send death threats‚Äô.
Joshua Bassett and Sabrina Carpenter have‚Ä¶"
2021-12-04 4:33:39,RT @MIUMARINE: the saint laurent heart print leather sandals... olivia rodrigo let me in your closet PLEASE! https://t.co/mqAkRBkIBe
2021-12-04 4:33:26,"I told a 4th grader that when I was a kid music was my favorite class.
Him: ‚Äúwell yeah bc of your name.‚Äù
Me: ‚Äú‚Ä¶what‚Ä¶ https://t.co/bliGvb0R6R"
2021-12-04 4:33:21,"RT @RollingStone: At 18, Olivia Rodrigo is already a killer songwriter who‚Äôs mastered all the tricks. Read why ‚ÄòSour‚Äô topped our list of th‚Ä¶"
2021-12-04 4:33:13,"RT @PopBase: Olivia Rodrigo stuns in new set of Instagram photos.

‚Äúthe girls r girling‚Äù https://t.co/6zq79UWzjy"
2021-12-04 4:32:51,Olivia Rodrigo makes music for us mean girls with sad girl energy
2021-12-04 4:32:50,RT @PopCrave: Joshua Bassett says it felt ‚Äúimpossible‚Äù and like a ‚Äúlosing game‚Äù to defend himself in the wake of the ‚Äúdrivers license‚Äù medi‚Ä¶
2021-12-04 4:32:44,"@ricanchristine Even for solo artist , a Japanese singer and psy has already taken #1, and #2 spots long ago. Even‚Ä¶ https://t.co/3af8zWEy9u"
2021-12-04 4:32:27,ion know what‚Äôs going on w olivia rodrigo and joshua but i always support women
2021-12-04 4:32:00,sour - olivia rodrigo https://t.co/jeTDQfuaQl
2021-12-04 4:32:00,"RT @PopBase: Olivia Rodrigo stuns in new set of Instagram photos.

‚Äúthe girls r girling‚Äù https://t.co/6zq79UWzjy"
2021-12-04 4:31:56,RT @IrishWhiskey31: Olivia Rodrigo ew overhyped af
2021-12-04 4:31:56,"My friends keep sending me these songs that Olivia Rodrigo's ex is putting out, and this bro has big ""claps back at‚Ä¶ https://t.co/pNieC8F46X"
2021-12-04 4:31:50,@mtdewliker olivia rodrigo slaps jean
2021-12-04 4:31:20,"RT @LIVIESGAlNS: rt if you stan olivia rodrigo !
follow me + everyone who rts üçÇ"
2021-12-04 4:30:55,RT @livsreputation: As Olivia Rodrigo once said ‚Ä¶‚Ä¶ what do you want me to write about‚Ä¶.. taxes????
2021-12-04 4:30:33,RT @PopCrave: Olivia Rodrigo shares a performance of ‚Äúdrivers license‚Äù with a rock arrangement from her Austin City Limits set in October.
2021-12-04 4:30:03,"Top 100 - Malaysia CLEAN üá≤üáæ:

ü•á Adele (22 days)
ü•à The Kid LAROI, Justin Bieber
ü•â Troye Sivan
4Ô∏è‚É£ LISA
5Ô∏è‚É£ Taylor Sw‚Ä¶ https://t.co/LKw9yT3oFk"
2021-12-04 4:30:01,"Joshua Bassett said he ""finally found the courage to speak up for myself.‚Äù
https://t.co/6Zh9RLUmKd"
2021-12-04 4:30:00,"RT @ORcentrals: üìä| Olivia Rodrigo's streams per month on Spotify 2021:

‚ñ´Ô∏èJanuary ‚Äî 315.3M
‚ñ´Ô∏èFebruary ‚Äî 215M
‚ñ´Ô∏èMarch ‚Äî 169.2M
‚ñ´Ô∏èApril ‚Äî 226‚Ä¶"
2021-12-04 4:29:52,as if olivia rodrigo's massively successful career sits on his back. narcissism is an ugly trait. and so is hypocri‚Ä¶ https://t.co/T7HI2YLCNL
2021-12-04 4:29:28,RT @tays_version_13: watching yall slowly give Olivia Rodrigo the Taylor Swift treatment and I won't stand for it. When I say I'm protectin‚Ä¶
2021-12-04 4:29:22,"RT @CarineK: Twitter isn't the real world. We are just a very loud minority. In the real, nobody cares about Joshua. People barely know of‚Ä¶"
2021-12-04 4:29:11,Olivia Rodrigo - drivers license (Live From Austin City Limits) https://t.co/7X2348cfD7 @YouTube„Çà„Çä
2021-12-04 4:28:55,RT @TSwiftNeedsYou: What is really interesting &amp; pleasantly surprising watching the Olivia Rodrigo &amp; Joshua something drama play out is the‚Ä¶
2021-12-04 4:28:43,RT @stelenasmp3: protecting both joshua basset and olivia rodrigo at all costs neither of them deserve hate https://t.co/mm2urusRTM
2021-12-04 4:28:35,"RT @remswift13: hi im not new but im a flop. rt if u like 

sabrina carpenter 
madison beer
ariana grande
taylor swift
joshua basset
olivia‚Ä¶"
2021-12-04 4:28:21,RT @hoefornetflix: i just think olivia rodrigo and joshua bassett should settle their problems with a rap battle
2021-12-04 4:27:25,RT @jelousyliv: ‚ÄòSOUR‚Äô being named the best album of 2021 by rolling stone?! olivia rodrigo keeps winning https://t.co/Gwlc3ng795
2021-12-04 4:27:18,"But yes, I did still listen to a fair amount of Olivia Rodrigo, Lizzo, Billie Eilish, and Taylor Swift this year, t‚Ä¶ https://t.co/npqACXytsB"
2021-12-04 4:27:17,RT @colourmeblur: you can enjoy olivia rodrigo and joshua bassett and sabrina carpenter at the same time and that‚Äôs fine !!!! just grow up‚Ä¶
2021-12-04 4:27:03,RT @jelousyliv: ‚ÄòSOUR‚Äô being named the best album of 2021 by rolling stone?! olivia rodrigo keeps winning https://t.co/Gwlc3ng795
2021-12-04 4:26:36,RT @timeforjupiter: All these people saying Joshua Bassett is Olivia Rodrigo's John Mayer or Jake Gyllenhaal are so incorrect. He's a Disne‚Ä¶
2021-12-04 4:26:09,RT @PopBase: Rolling Stone names ‚ÄòSOUR‚Äô by Olivia Rodrigo the best album of 2021. https://t.co/rHLirjdP9p
2021-12-04 4:25:59,"RT @hqrodrigo: just olivia rodrigo holding the #1 album of the year, no biggie https://t.co/OS6JSD6WpM"
2021-12-04 4:25:58,RT @taysdaisyy: we as a society need to protect olivia rodrigo from getting the taylor swift treatment
2021-12-04 4:25:58,"RT @TayliviaTeam: üéß| @Olivia_Rodrigo on Most Streamed Female Artists on Spotify 

11/30: #7 (=) 10.9M 
12/01: #7 (=) 13.1M 
12/02: #7 (=) 1‚Ä¶"
2021-12-04 4:25:56,olivia rodrigo might not toxic but her fandom is sure rotten to the bone
2021-12-04 4:25:43,RT @livsreputation: As Olivia Rodrigo once said ‚Ä¶‚Ä¶ what do you want me to write about‚Ä¶.. taxes????
2021-12-04 4:25:25,"@drewsmenu I think it's the one from Olivia Rodrigo, she wrote songs about him"
2021-12-04 4:25:06,RT @stelenasmp3: protecting both joshua basset and olivia rodrigo at all costs neither of them deserve hate https://t.co/mm2urusRTM
2021-12-04 4:24:59,RT @PopBase: Rolling Stone names ‚ÄòSOUR‚Äô by Olivia Rodrigo the best album of 2021. https://t.co/rHLirjdP9p
2021-12-04 4:24:46,"*Joshua Bassett releases EP entirely about Olivia Rodrigo*

comments: ""it doesn't matter what their songs are about‚Ä¶ https://t.co/2cXZ2wqdDa"
2021-12-04 4:24:45,alright who wants to chat about joshua bassett and olivia rodrigo
2021-12-04 4:24:21,RT @taysdaisyy: we as a society need to protect olivia rodrigo from getting the taylor swift treatment
2021-12-04 4:24:17,Stg Olivia Rodrigo got breast implants
2021-12-04 4:24:11,Cuando Olivia Rodrigo dijo ‚ÄúThey say these are the golden years but I wish I could disappear‚Äù bro I really feel that üò´
2021-12-04 4:23:57,joshua basset and olivia rodrigo the gen z version of harry styles and taylor swift lmao i love ‚ú®shady music‚ú®
2021-12-04 4:23:37,RT @etnow: Joshua Bassett and Olivia Rodrigo haven't spoken in quite a while. https://t.co/4nfTxeLrTL
2021-12-04 4:23:32,RT @timeforjupiter: All these people saying Joshua Bassett is Olivia Rodrigo's John Mayer or Jake Gyllenhaal are so incorrect. He's a Disne‚Ä¶
2021-12-04 4:23:19,Olivia Rodrigo ‚Äì traitor (live from SOUR prom) https://t.co/WcY0Pe9BHg via @YouTube
2021-12-04 4:22:47,RT @livsreputation: As Olivia Rodrigo once said ‚Ä¶‚Ä¶ what do you want me to write about‚Ä¶.. taxes????
2021-12-04 4:22:39,RT @SaintEverlore: the demonization of olivia rodrigo is reminiscent to the demonization of taylor during the speak now era with john mayer‚Ä¶
2021-12-04 4:21:52,RT @soursIover: just olivia rodrigo holding her GRAMMY NOMINATED album üíúü•≤ https://t.co/0vg8OpwIFv
2021-12-04 4:21:39,Very annoyed by Olivia Rodrigo‚Äôs existence because I want to be her so bad it‚Äôs not fair
2021-12-04 4:21:31,RT @stelenasmp3: protecting both joshua basset and olivia rodrigo at all costs neither of them deserve hate https://t.co/mm2urusRTM
2021-12-04 4:21:30,RT @livschaIamet: something about phoebe bridgers wearing olivia rodrigo sour merch pleases me so https://t.co/bYnf1CmEsu
2021-12-04 4:21:04,RT @olivyuhrodrigo: olivia rodrigo deserves everything good in the world. #WELOVEYOUOLIVIA https://t.co/FQH4vPs9j1
2021-12-04 4:20:45,RT @stelenasmp3: protecting both joshua basset and olivia rodrigo at all costs neither of them deserve hate https://t.co/mm2urusRTM
2021-12-04 4:20:42,RT @timeforjupiter: All these people saying Joshua Bassett is Olivia Rodrigo's John Mayer or Jake Gyllenhaal are so incorrect. He's a Disne‚Ä¶
2021-12-04 4:20:38,RT @jaehyunsour: drop #WELOVEYOUOLIVIA if you love Olivia Rodrigo! https://t.co/KmLqh7sOf6
2021-12-04 4:20:32,"RT @remswift13: hi im not new but im a flop. rt if u like 

sabrina carpenter 
madison beer
ariana grande
taylor swift
joshua basset
olivia‚Ä¶"
2021-12-04 4:20:18,"@lvdrxy @convomfs Mjb, jealousy jealousy - olivia rodrigo"
2021-12-04 4:20:17,"RT @Spicytraitor: Olivia Rodrigo:
         üòê
        ‚â§))‚â•
         / \ 
       /     \                    Me:
     /         \‚Ä¶"
2021-12-04 4:20:14,RT @Bri_officialx: How come it‚Äôs okay for Olivia Rodrigo to put out songs expressing herself but when Joshua Bassett or Sabrina Carpenter d‚Ä¶
2021-12-04 4:19:49,RT @PopBase: Rolling Stone names ‚ÄòSOUR‚Äô by Olivia Rodrigo the best album of 2021. https://t.co/rHLirjdP9p
2021-12-04 4:19:21,RT @hoefornetflix: i just think olivia rodrigo and joshua bassett should settle their problems with a rap battle
2021-12-04 4:19:17,RT @Stfuarslan: Joshua Basset might have been perceived as the villain in the Olivia Rodrigo and his tumultuous relationship but after hear‚Ä¶
2021-12-04 4:19:13,"RT @swimwithdevils: if u have phoebe bridgers, taylor swift, mitski, halsey, lorde, or olivia rodrigo in ur spotify wrapped top 5 artists p‚Ä¶"
2021-12-04 4:19:05,RT @ohpinkylove: she‚Äôs giving jennie/olivia rodrigo vibes idk why https://t.co/HNg7Pt56zZ
2021-12-04 4:19:01,"RT @RocketPunch: [üé•] [#JURIFUL_DAYS 3] EP.4 JURI (Ï•¨Î¶¨) - drivers license Cover (ÏõêÍ≥°: Olivia Rodrigo)

‚ñ∂ https://t.co/fZstHs5JLr
‚ñ∂ https://t.c‚Ä¶"
2021-12-04 4:18:52,"RT @mslizzieforbes: It took Olivia Rodrigo more than 8 months to say ‚Äòdon‚Äôt send death threats‚Äô.
Joshua Bassett and Sabrina Carpenter have‚Ä¶"
2021-12-04 4:18:31,RT @livsreputation: As Olivia Rodrigo once said ‚Ä¶‚Ä¶ what do you want me to write about‚Ä¶.. taxes????
2021-12-04 4:18:31,RT @tays_version_13: Crazy how Olivia Rodrigo just stepped onto the music scene and we already have to make a hashtag to protect this poor‚Ä¶
2021-12-04 4:18:30,RT @taysdaisyy: we as a society need to protect olivia rodrigo from getting the taylor swift treatment
2021-12-04 4:18:12,RT @Mr___News: Billie Ellish and Olivia Rodrigo are going to be doing some voice acting for an upcoming animated Disney movie soon. It won'‚Ä¶
2021-12-04 4:18:05,I HATE OLIVIA RODRIGO LIKE SO SO MUCH
2021-12-04 4:18:05,RT @PopCrave: Olivia Rodrigo shares a performance of ‚Äúdrivers license‚Äù with a rock arrangement from her Austin City Limits set in October.
2021-12-04 4:17:27,RT @livsreputation: As Olivia Rodrigo once said ‚Ä¶‚Ä¶ what do you want me to write about‚Ä¶.. taxes????
2021-12-04 4:17:13,RT @PopBase: Rolling Stone names ‚ÄòSOUR‚Äô by Olivia Rodrigo the best album of 2021. https://t.co/rHLirjdP9p
2021-12-04 4:17:07,"RT @AP0CALPYTIC: people disappoint, olivia rodrigo‚Äôs music doesn't."
2021-12-04 4:16:31,RT @stelenasmp3: protecting both joshua basset and olivia rodrigo at all costs neither of them deserve hate https://t.co/mm2urusRTM
2021-12-04 4:16:28,RT @PopCrave: Joshua Bassett says it felt ‚Äúimpossible‚Äù and like a ‚Äúlosing game‚Äù to defend himself in the wake of the ‚Äúdrivers license‚Äù medi‚Ä¶
2021-12-04 4:16:11,good 4 u | Olivia Rodrigo | good 4 u
2021-12-04 4:16:08,RT @naleymers: i don‚Äôt think it‚Äôs occurred to some of you that olivia rodrigo and joshua basset‚Äôs personal lives are none of our business a‚Ä¶
2021-12-04 4:15:52,"usab, twenty-four by olivia rodrigo
#SPCBiradaAlphaModernas
#SPCOnwards2021
#SPCNursesDay2021
@spcbsnfratsor"
2021-12-04 4:15:43,"RT @ketchyyyyyy_: Juri @RocketPunch covering three songs in:
1. Korean - To My Youth (BOL4)
https://t.co/bXXr5dRxQk
2. Japanese - Grand Esc‚Ä¶"
2021-12-04 4:15:28,RT @taysdaisyy: we as a society need to protect olivia rodrigo from getting the taylor swift treatment
2021-12-04 4:15:20,RT @hoefornetflix: i just think olivia rodrigo and joshua bassett should settle their problems with a rap battle
2021-12-04 4:15:09,RT @naleymers: i don‚Äôt think it‚Äôs occurred to some of you that olivia rodrigo and joshua basset‚Äôs personal lives are none of our business a‚Ä¶
2021-12-04 4:15:07,RT @taysdaisyy: we as a society need to protect olivia rodrigo from getting the taylor swift treatment
2021-12-04 4:15:01,Now play song Dejavu by Olivia Rodrigo https://t.co/gDf0FR49MG
2021-12-04 4:14:45,RT @naleymers: i don‚Äôt think it‚Äôs occurred to some of you that olivia rodrigo and joshua basset‚Äôs personal lives are none of our business a‚Ä¶
2021-12-04 4:14:45,RT @stelenasmp3: protecting both joshua basset and olivia rodrigo at all costs neither of them deserve hate https://t.co/mm2urusRTM
2021-12-04 4:14:32,RT @jelousyliv: ‚ÄòSOUR‚Äô being named the best album of 2021 by rolling stone?! olivia rodrigo keeps winning https://t.co/Gwlc3ng795
2021-12-04 4:14:22,RT @taysdaisyy: we as a society need to protect olivia rodrigo from getting the taylor swift treatment
2021-12-04 4:14:19,olivia rodrigo makes music for people who follow the speed limit
2021-12-04 4:14:19,Im soo confused between olivia rodrigo and joshua basset .. i love olivia but then there's sabrina too also those n‚Ä¶ https://t.co/2ueJYtrZdS
2021-12-04 4:14:15,"RT @billboardlatin: .@sanbenito was the most-streamed artist globally on Spotify this year, with the Puerto Rican rapper drawing over 9.1 b‚Ä¶"
2021-12-04 4:14:05,RT @jelousyliv: ‚ÄòSOUR‚Äô being named the best album of 2021 by rolling stone?! olivia rodrigo keeps winning https://t.co/Gwlc3ng795
2021-12-04 4:14:01,RT @livsreputation: As Olivia Rodrigo once said ‚Ä¶‚Ä¶ what do you want me to write about‚Ä¶.. taxes????
2021-12-04 4:14:00,RT @stelenasmp3: protecting both joshua basset and olivia rodrigo at all costs neither of them deserve hate https://t.co/mm2urusRTM
2021-12-04 4:13:23,RT @PopCrave: Olivia Rodrigo shares a performance of ‚Äúdrivers license‚Äù with a rock arrangement from her Austin City Limits set in October.
2021-12-04 4:12:39,"RT @PopBase: Olivia Rodrigo stuns in new set of Instagram photos.

‚Äúthe girls r girling‚Äù https://t.co/6zq79UWzjy"
2021-12-04 4:12:35,RT @taysdaisyy: we as a society need to protect olivia rodrigo from getting the taylor swift treatment
2021-12-04 4:12:28,RT @tays_version_13: Crazy how Olivia Rodrigo just stepped onto the music scene and we already have to make a hashtag to protect this poor‚Ä¶
2021-12-04 4:12:00,I shade drowning in Olivia Rodrigo but I love hella cheugy new workout
2021-12-04 4:11:50,RT @PopBase: Rolling Stone names ‚ÄòSOUR‚Äô by Olivia Rodrigo the best album of 2021. https://t.co/rHLirjdP9p
2021-12-04 4:11:29,RT @stelenasmp3: protecting both joshua basset and olivia rodrigo at all costs neither of them deserve hate https://t.co/mm2urusRTM
2021-12-04 4:10:52,RT @darlinglivs: thinking about olivia rodrigo and alanis morissette‚Äôs rolling stone interview today https://t.co/bDf506GzyG
2021-12-04 4:10:46,RT @fizah_muh: My toxic trait is that I want Olivia Rodrigo and Joshua Basset to get back together
2021-12-04 4:10:43,Kendall predicted Olivia Rodrigo https://t.co/w1OufbF4fT
2021-12-04 4:10:06,RT @darlinglivs: thinking about olivia rodrigo and alanis morissette‚Äôs rolling stone interview today https://t.co/bDf506GzyG
2021-12-04 4:09:56,"RT @tayIorscomet: in another news, SOUR by Olivia Rodrigo is crowned the best album of 2021 by @RollingStone https://t.co/Zf82I0qUy5"
2021-12-04 4:09:44,RT @livsreputation: As Olivia Rodrigo once said ‚Ä¶‚Ä¶ what do you want me to write about‚Ä¶.. taxes????
2021-12-04 4:09:42,RT @juliabroadleyx: I want the 10 min version of traitor by Olivia rodrigo
2021-12-04 4:09:31,Ooh this is spicy and it‚Äôs def. giving response to Olivia Rodrigo üëÄ https://t.co/OcsNhlkMOM
2021-12-04 4:09:06,crisis by joshua bassett it's perfect answer for driver license by olivia rodrigo and I like his song more than driver license lmao
2021-12-04 4:09:06,RT @taysdaisyy: we as a society need to protect olivia rodrigo from getting the taylor swift treatment
2021-12-04 4:08:42,"RT @WhiskeyRiff: The #1 album of 2021.

@MorganWallen #Billboard200 
https://t.co/Z0ErJVd8co"
2021-12-04 4:08:19,"RT @Spicytraitor: Olivia Rodrigo:
         üòê
        ‚â§))‚â•
         / \ 
       /     \                    Me:
     /         \‚Ä¶"
2021-12-04 4:08:04,RT @PopCrave: Joshua Bassett says it felt ‚Äúimpossible‚Äù and like a ‚Äúlosing game‚Äù to defend himself in the wake of the ‚Äúdrivers license‚Äù medi‚Ä¶
2021-12-04 4:07:59,"RT @mjdiorr: Berlin criying at the bar while  ""Traitor by Olivia Rodrigo"" playing 

 #MoneyHeist5 https://t.co/04mwOlbC4N"
2021-12-04 4:07:35,RT @livsreputation: As Olivia Rodrigo once said ‚Ä¶‚Ä¶ what do you want me to write about‚Ä¶.. taxes????
2021-12-04 4:07:24,RT @FTMAS0N: olivia rodrigo &amp; joshua bassett just need to get coffee and talk things out bc damn
2021-12-04 4:07:24,apple music shows my top played songs. lmao for 2020 i only listens to spanish music and 2021 was olivia rodrigo an‚Ä¶ https://t.co/pafsRIFuY6
2021-12-04 4:07:03,"RT @ReggaetonBr: Artistas mais reproduzidos no Spotify Global em 2021 

1. Bad Bunny
2. Taylor Swift
3. BTS
4. Drake
5. Justin Bieber
6. Th‚Ä¶"
2021-12-04 4:07:00,I shade busy thinking ‚Äòbout Olivia Rodrigo but We miss more than your skincare routine
2021-12-04 4:06:48,RT @AlyRuth_: it's the vibe I get from joshua bassett and olivia rodrigo with their songs driver's license and crisis https://t.co/PEHAQcHz‚Ä¶
2021-12-04 4:06:23,Mia Ramos performs an incredible cover of ‚ÄúTraitor‚Äù by Olivia Rodrigo! #traitor #OliviaRodrigo https://t.co/IH5U2AVhFY
2021-12-04 4:06:18,RT @Daisylivvies: OMGG OLIVIA RODRIGO VOICE ACTING??? https://t.co/KZdZqxxzdO
2021-12-04 4:06:15,RT @hoefornetflix: i just think olivia rodrigo and joshua bassett should settle their problems with a rap battle
2021-12-04 4:06:01,"RT @mslizzieforbes: It took Olivia Rodrigo more than 8 months to say ‚Äòdon‚Äôt send death threats‚Äô.
Joshua Bassett and Sabrina Carpenter have‚Ä¶"
2021-12-04 4:05:42,RT @taysdaisyy: we as a society need to protect olivia rodrigo from getting the taylor swift treatment
2021-12-04 4:05:33,"@kichioa a marina con ""Bubblegum bitch"" a Olivia Rodrigo con la d ""jealousy, jealousy"" a XYL√ò con ""ordinary"" y a th‚Ä¶ https://t.co/s156dQlnhx"
2021-12-04 4:05:32,"*Olivia Rodrigo voice* GOD, it‚Äôs Brutal out here https://t.co/Oo3nHBu9ic"
2021-12-04 4:05:21,@rodriqohoe @nojamsrodrigo @oliiviapink play traitor by olivia rodrigo
2021-12-04 4:05:19,"@christicarras Olivia Rodrigo reporter, HSM correspondent. Love it. This was a fun read!"
2021-12-04 4:05:11,RT @SaintEverlore: the demonization of olivia rodrigo is reminiscent to the demonization of taylor during the speak now era with john mayer‚Ä¶
2021-12-04 4:05:05,RT @stelenasmp3: protecting both joshua basset and olivia rodrigo at all costs neither of them deserve hate https://t.co/mm2urusRTM
2021-12-04 4:05:02,"RT @TayliviaTeam: üéß| @Olivia_Rodrigo on Most Streamed Female Artists on Spotify 

11/30: #7 (=) 10.9M 
12/01: #7 (=) 13.1M 
12/02: #7 (=) 1‚Ä¶"
2021-12-04 4:05:01,"RT @hqrodrigo: just olivia rodrigo holding the #1 album of the year, no biggie https://t.co/OS6JSD6WpM"
2021-12-04 4:04:44,RT @timeforjupiter: All these people saying Joshua Bassett is Olivia Rodrigo's John Mayer or Jake Gyllenhaal are so incorrect. He's a Disne‚Ä¶
2021-12-04 4:04:43,"RT @RollingStone: At 18, Olivia Rodrigo is already a killer songwriter who‚Äôs mastered all the tricks. Read why ‚ÄòSour‚Äô topped our list of th‚Ä¶"
2021-12-04 4:04:06,"RT @CarineK: Twitter isn't the real world. We are just a very loud minority. In the real, nobody cares about Joshua. People barely know of‚Ä¶"
2021-12-04 4:04:04,"RT @mslizzieforbes: It took Olivia Rodrigo more than 8 months to say ‚Äòdon‚Äôt send death threats‚Äô.
Joshua Bassett and Sabrina Carpenter have‚Ä¶"
2021-12-04 4:03:59,RT @taysdaisyy: we as a society need to protect olivia rodrigo from getting the taylor swift treatment
2021-12-04 4:03:56,RT @livsreputation: As Olivia Rodrigo once said ‚Ä¶‚Ä¶ what do you want me to write about‚Ä¶.. taxes????
2021-12-04 4:03:27,Thank you Olivia Rodrigo for spending 162 minutes with me this year on @Spotify. You are my #1. #SpotifyWrapped https://t.co/9Dsp6KGB6Q
2021-12-04 4:03:21,"@Swiftsbeatles Olivia Rodrigo deserves, but Taylor as well"
2021-12-04 4:03:11,RT @naleymers: i don‚Äôt think it‚Äôs occurred to some of you that olivia rodrigo and joshua basset‚Äôs personal lives are none of our business a‚Ä¶
2021-12-04 4:03:04,my olivia rodrigo sour album case is here ksjdksks its soooo coool
2021-12-04 4:02:42,"RT @DailyRodrigo: üèÜ | @RollingStone named SOUR the best album of the year! 

‚ÄúWith Sour, Olivia dropped a greatest-hits album on her first‚Ä¶"
2021-12-04 4:02:37,"RT @ringhrry: hi im not new to stan twt but i made a new acc also ifb if u wanna be moots :)
my stans:
-louis tomlinson 
-harry styles 
-ta‚Ä¶"
2021-12-04 4:02:36,Thank you Olivia Rodrigo for leaving out the line ‚Äúand I don‚Äôt believe you say I did nothing wrong‚Äù because that would‚Äôve broke me
2021-12-04 4:02:35,RT @colourmeblur: you can enjoy olivia rodrigo and joshua bassett and sabrina carpenter at the same time and that‚Äôs fine !!!! just grow up‚Ä¶
2021-12-04 4:02:32,So Amiyah and her friend from school are having her first sleepover.  They are jamming to Olivia Rodrigo and I'm je‚Ä¶ https://t.co/swhAnyumlE
2021-12-04 4:02:14,RT @taysdaisyy: we as a society need to protect olivia rodrigo from getting the taylor swift treatment
2021-12-04 4:02:07,"RT @remswift13: hi im not new but im a flop. rt if u like 

sabrina carpenter 
madison beer
ariana grande
taylor swift
joshua basset
olivia‚Ä¶"
2021-12-04 4:02:05,RT @PopCrave: Olivia Rodrigo shares a performance of ‚Äúdrivers license‚Äù with a rock arrangement from her Austin City Limits set in October.
2021-12-04 4:01:39,"RT @b4ssetts: joshua bassett‚Äôs feelings matter!!
sabrina carpenter‚Äôs feelings matter!!
olivia rodrigo‚Äôs feeling matter !! 

ALL ARE TRUE !!‚Ä¶"
2021-12-04 4:01:36,@Ashesh4398 @mslizzieforbes Well to be honest that line career move? It is not predicted that Olivia rodrigo would‚Ä¶ https://t.co/GQElVGYz1Q
2021-12-04 4:00:59,RT @livsreputation: As Olivia Rodrigo once said ‚Ä¶‚Ä¶ what do you want me to write about‚Ä¶.. taxes????
2021-12-04 4:00:57,RT @Bri_officialx: How come it‚Äôs okay for Olivia Rodrigo to put out songs expressing herself but when Joshua Bassett or Sabrina Carpenter d‚Ä¶
2021-12-04 4:00:49,RT @PopCrave: Joshua Bassett says it felt ‚Äúimpossible‚Äù and like a ‚Äúlosing game‚Äù to defend himself in the wake of the ‚Äúdrivers license‚Äù medi‚Ä¶
2021-12-04 4:00:42,RT @SaintEverlore: the demonization of olivia rodrigo is reminiscent to the demonization of taylor during the speak now era with john mayer‚Ä¶
2021-12-04 4:00:34,So I'm just playing a game while listening to my liked song playlist on Spotify they're playing the right songs rig‚Ä¶ https://t.co/WPInfF59J8
2021-12-04 4:00:33,"RT @DailyRodrigo: üèÜ | @RollingStone named SOUR the best album of the year! 

‚ÄúWith Sour, Olivia dropped a greatest-hits album on her first‚Ä¶"
2021-12-04 3:59:52,RT @RAWINTHEVOID: supporting billie eilish and olivia rodrigo on bandcamp friday
2021-12-04 3:59:48,RT @jelousyliv: ‚ÄòSOUR‚Äô being named the best album of 2021 by rolling stone?! olivia rodrigo keeps winning https://t.co/Gwlc3ng795
2021-12-04 3:59:34,RT @FTMAS0N: olivia rodrigo &amp; joshua bassett just need to get coffee and talk things out bc damn
2021-12-04 3:58:07,RT @livsreputation: As Olivia Rodrigo once said ‚Ä¶‚Ä¶ what do you want me to write about‚Ä¶.. taxes????
2021-12-04 3:58:04,RT @darlinglivs: thinking about olivia rodrigo and alanis morissette‚Äôs rolling stone interview today https://t.co/bDf506GzyG
2021-12-04 3:57:34,@Saveiya olivia rodrigo would be a much better choice smfh
2021-12-04 3:57:05,"RT @PopBase: Olivia Rodrigo stuns in new set of Instagram photos.

‚Äúthe girls r girling‚Äù https://t.co/6zq79UWzjy"
2021-12-04 3:56:54,"RT @CarineK: Twitter isn't the real world. We are just a very loud minority. In the real, nobody cares about Joshua. People barely know of‚Ä¶"
2021-12-04 3:56:52,RT @hoefornetflix: i just think olivia rodrigo and joshua bassett should settle their problems with a rap battle
2021-12-04 3:56:14,"RT @AP0CALPYTIC: people disappoint, olivia rodrigo‚Äôs music doesn't."
2021-12-04 3:56:12,i was trying to explain the whole olivia rodrigo and joshua bassett drama to my mom when we were listening to sour‚Ä¶ https://t.co/RnKynZLiKy
2021-12-04 3:56:04,"RT @The_Hot_Sheet: The Hot Sheet : OLIVIA RODRIGO (@oliviarodrigo) : Billboard Hot 100 chart history : Presented in 4K, please use the retw‚Ä¶"
2021-12-04 3:55:45,RT @jaehyunsour: drop #WELOVEYOUOLIVIA if you love Olivia Rodrigo! https://t.co/KmLqh7sOf6
2021-12-04 3:55:35,RT @MIUMARINE: the saint laurent heart print leather sandals... olivia rodrigo let me in your closet PLEASE! https://t.co/mqAkRBkIBe
2021-12-04 3:55:31,RT @naleymers: i don‚Äôt think it‚Äôs occurred to some of you that olivia rodrigo and joshua basset‚Äôs personal lives are none of our business a‚Ä¶
2021-12-04 3:55:04,RT @dicapriosmaraj: It‚Äôs still crazy to me how Olivia rodrigo said nothing while her fans were attacking Joshua basset and Sabrina carpenter
2021-12-04 3:55:02,supporting billie eilish and olivia rodrigo on bandcamp friday https://t.co/4O5Ia8mPNo
2021-12-04 3:54:10,RT @timeforjupiter: All these people saying Joshua Bassett is Olivia Rodrigo's John Mayer or Jake Gyllenhaal are so incorrect. He's a Disne‚Ä¶
2021-12-04 3:53:58,RT @livsreputation: As Olivia Rodrigo once said ‚Ä¶‚Ä¶ what do you want me to write about‚Ä¶.. taxes????
2021-12-04 3:53:56,RT @taysdaisyy: we as a society need to protect olivia rodrigo from getting the taylor swift treatment
2021-12-04 3:53:53,"Gotta say, imo song of the year is Olivia Rodrigo‚Äôs Traitor"
2021-12-04 3:53:41,it's giving sour cover by olivia rodrigo https://t.co/uCUnAwOHdN
2021-12-04 3:53:06,RT @colourmeblur: you can enjoy olivia rodrigo and joshua bassett and sabrina carpenter at the same time and that‚Äôs fine !!!! just grow up‚Ä¶
2021-12-04 3:52:57,maybe hot take but i like joshua basset‚Äôs new songs and i think he has a right to share his side of everything that‚Ä¶ https://t.co/lsdfeHnkfi
2021-12-04 3:52:21,"Artistas mais reproduzidos no Spotify Global em 2021 

1. Bad Bunny
2. Taylor Swift
3. BTS
4. Drake
5. Justin Biebe‚Ä¶ https://t.co/Pha6ODVTzF"
2021-12-04 3:52:10,Olivia Rodrigo album is kind of fire‚Ä¶I could tell she studies Taylor Swift though
2021-12-04 3:52:04,"RT @mjdiorr: Berlin criying at the bar while  ""Traitor by Olivia Rodrigo"" playing 

 #MoneyHeist5 https://t.co/04mwOlbC4N"
2021-12-04 3:52:00,RT @taysdaisyy: we as a society need to protect olivia rodrigo from getting the taylor swift treatment
2021-12-04 3:51:59,RT @darlinglivs: thinking about olivia rodrigo and alanis morissette‚Äôs rolling stone interview today https://t.co/bDf506GzyG
2021-12-04 3:51:40,RT @livsreputation: As Olivia Rodrigo once said ‚Ä¶‚Ä¶ what do you want me to write about‚Ä¶.. taxes????
2021-12-04 3:51:28,RT @darlinglivs: thinking about olivia rodrigo and alanis morissette‚Äôs rolling stone interview today https://t.co/bDf506GzyG
2021-12-04 3:51:25,"RT @b4ssetts: joshua bassett‚Äôs feelings matter!!
sabrina carpenter‚Äôs feelings matter!!
olivia rodrigo‚Äôs feeling matter !! 

ALL ARE TRUE !!‚Ä¶"
2021-12-04 3:51:05,RT @PopCrave: Joshua Bassett says it felt ‚Äúimpossible‚Äù and like a ‚Äúlosing game‚Äù to defend himself in the wake of the ‚Äúdrivers license‚Äù medi‚Ä¶
2021-12-04 3:50:58,RT @olivyuhrodrigo: olivia rodrigo deserves everything good in the world. #WELOVEYOUOLIVIA https://t.co/FQH4vPs9j1
2021-12-04 3:50:53,i cant hate olivia rodrigo for whatever she did bc i wouldve done the exact same thing to my ex if i had the same a‚Ä¶ https://t.co/1gxvU0JJKk
2021-12-04 3:50:22,"Phoebe Bridgers, Taylor Swift, Olivia Rodrigo. I speak it i to existence!!!"
2021-12-04 3:50:12,olivia rodrigo and joshua basset are the gen z taylor swift and harry styles
2021-12-04 3:50:01,RT @timeforjupiter: All these people saying Joshua Bassett is Olivia Rodrigo's John Mayer or Jake Gyllenhaal are so incorrect. He's a Disne‚Ä¶
2021-12-04 3:49:56,@briancolburn But that Olivia Rodrigo album is truly great! A real surprise.
2021-12-04 3:49:56,RT @FTMAS0N: olivia rodrigo &amp; joshua bassett just need to get coffee and talk things out bc damn
2021-12-04 3:49:55,"Okay listen I love miss olivia rodrigo as much as the other fans, but mr joshua bassett really do be making me step back and think"
2021-12-04 3:49:53,RT @taysdaisyy: we as a society need to protect olivia rodrigo from getting the taylor swift treatment
2021-12-04 3:49:35,"RT @b4ssetts: joshua bassett‚Äôs feelings matter!!
sabrina carpenter‚Äôs feelings matter!!
olivia rodrigo‚Äôs feeling matter !! 

ALL ARE TRUE !!‚Ä¶"
2021-12-04 3:49:22,i mean jake and devon sing loudly taylor swift and lexy is a fan of olivia rodrigo
2021-12-04 3:49:14,RT @jelousyliv: ‚ÄòSOUR‚Äô being named the best album of 2021 by rolling stone?! olivia rodrigo keeps winning https://t.co/Gwlc3ng795
2021-12-04 3:49:06,Joshua Bassett says it 'felt impossible' to defend himself after Olivia Rodrigo released 'Driver's License': 'It wa‚Ä¶ https://t.co/wRcNa4TpwT
2021-12-04 3:49:00,"RT @mslizzieforbes: It took Olivia Rodrigo more than 8 months to say ‚Äòdon‚Äôt send death threats‚Äô.
Joshua Bassett and Sabrina Carpenter have‚Ä¶"
2021-12-04 3:48:45,RT @SaintEverlore: the demonization of olivia rodrigo is reminiscent to the demonization of taylor during the speak now era with john mayer‚Ä¶
2021-12-04 3:48:38,RT @FTMAS0N: olivia rodrigo &amp; joshua bassett just need to get coffee and talk things out bc damn
2021-12-04 3:48:37,RT @hoefornetflix: i just think olivia rodrigo and joshua bassett should settle their problems with a rap battle
2021-12-04 3:48:25,"Apparently I need to put Olivia Rodrigo on my birthday party playlist, send help‚ùóÔ∏è"
2021-12-04 3:48:20,RT @hoefornetflix: i just think olivia rodrigo and joshua bassett should settle their problems with a rap battle
2021-12-04 3:48:07,RT @taysdaisyy: we as a society need to protect olivia rodrigo from getting the taylor swift treatment
2021-12-04 3:48:01,"RT @b4ssetts: joshua bassett‚Äôs feelings matter!!
sabrina carpenter‚Äôs feelings matter!!
olivia rodrigo‚Äôs feeling matter !! 

ALL ARE TRUE !!‚Ä¶"
2021-12-04 3:47:59,RT @taysdaisyy: we as a society need to protect olivia rodrigo from getting the taylor swift treatment
2021-12-04 3:47:57,"RT @remswift13: hi im not new but im a flop. rt if u like 

sabrina carpenter 
madison beer
ariana grande
taylor swift
joshua basset
olivia‚Ä¶"
2021-12-04 3:47:40,RT @livsreputation: As Olivia Rodrigo once said ‚Ä¶‚Ä¶ what do you want me to write about‚Ä¶.. taxes????
2021-12-04 3:47:39,"Sidewalks we crossed
I still hear your voice in the traffic
We're laughing over all the noise
God, I'm so blue, kno‚Ä¶ https://t.co/1QzsC7f4bD"
2021-12-04 3:47:39,"RT @AP0CALPYTIC: people disappoint, olivia rodrigo‚Äôs music doesn't."
2021-12-04 3:47:17,RT @PopBase: Rolling Stone names ‚ÄòSOUR‚Äô by Olivia Rodrigo the best album of 2021. https://t.co/rHLirjdP9p
2021-12-04 3:46:51,"RT @b4ssetts: joshua bassett‚Äôs feelings matter!!
sabrina carpenter‚Äôs feelings matter!!
olivia rodrigo‚Äôs feeling matter !! 

ALL ARE TRUE !!‚Ä¶"
2021-12-04 3:46:32,RT @favoriteCrime1: The amount of misogyny women singer and songwriters go through is just appalling. Olivia Rodrigo made her own career fr‚Ä¶
2021-12-04 3:46:30,Y'all it's Joshua Bassett vs Olivia Rodrigo. Love shady songs so much üòπ
2021-12-04 3:46:28,RT @taysdaisyy: we as a society need to protect olivia rodrigo from getting the taylor swift treatment
2021-12-04 3:45:58,RT @tays_version_13: Crazy how Olivia Rodrigo just stepped onto the music scene and we already have to make a hashtag to protect this poor‚Ä¶
2021-12-04 3:45:41,RT @livsreputation: As Olivia Rodrigo once said ‚Ä¶‚Ä¶ what do you want me to write about‚Ä¶.. taxes????
2021-12-04 3:45:25,have yet to meet a girl that doesn‚Äôt like olivia rodrigo lmfaooo
2021-12-04 3:44:53,RT @taysdaisyy: we as a society need to protect olivia rodrigo from getting the taylor swift treatment
2021-12-04 3:44:38,JOSHUA BASSET AND OLIVIA RODRIGO ARE MODERN TAYLOR AND HARRY...YES üíÄ
2021-12-04 3:44:33,RT @stelenasmp3: protecting both joshua basset and olivia rodrigo at all costs neither of them deserve hate https://t.co/mm2urusRTM
2021-12-04 3:44:24,RT @colourmeblur: you can enjoy olivia rodrigo and joshua bassett and sabrina carpenter at the same time and that‚Äôs fine !!!! just grow up‚Ä¶
2021-12-04 3:44:17,RT @taysdaisyy: we as a society need to protect olivia rodrigo from getting the taylor swift treatment
2021-12-04 3:44:05,RT @fredsreputation: It is a tough day to be both an Olivia Rodrigo and Joshua Bassett stan üò¨idk why people can‚Äôt accept the fact that the‚Ä¶
2021-12-04 3:43:57,"RT @PopBase: Olivia Rodrigo stuns in new set of Instagram photos.

‚Äúthe girls r girling‚Äù https://t.co/6zq79UWzjy"
2021-12-04 3:43:41,olivia rodrigo and joshua basset are just gen z taylor and harry
2021-12-04 3:43:11,"RT @remswift13: hi im not new but im a flop. rt if u like 

sabrina carpenter 
madison beer
ariana grande
taylor swift
joshua basset
olivia‚Ä¶"
2021-12-04 3:43:09,"RT @PopCrave: Billboard‚Äôs 2021 year-end top artists: 

1Ô∏è‚É£ Drake
2Ô∏è‚É£ Olivia Rodrigo 
3Ô∏è‚É£ The Weeknd
4Ô∏è‚É£ Taylor Swift
5Ô∏è‚É£ Morgan Wallen
6Ô∏è‚É£‚Ä¶"
2021-12-04 3:42:59,RT @isthisval: all the dramatic hot girls have olivia rodrigo on their spotify wrapped
2021-12-04 3:42:42,"RT @PopBase: Olivia Rodrigo stuns in new set of Instagram photos.

‚Äúthe girls r girling‚Äù https://t.co/6zq79UWzjy"
2021-12-04 3:42:36,"RT @b4ssetts: joshua bassett‚Äôs feelings matter!!
sabrina carpenter‚Äôs feelings matter!!
olivia rodrigo‚Äôs feeling matter !! 

ALL ARE TRUE !!‚Ä¶"
2021-12-04 3:42:28,"RT @RollingStone: At 18, Olivia Rodrigo is already a killer songwriter who‚Äôs mastered all the tricks. Read why ‚ÄòSour‚Äô topped our list of th‚Ä¶"
2021-12-04 3:41:31,"RT @The_Hot_Sheet: The Hot Sheet : OLIVIA RODRIGO (@oliviarodrigo) : Billboard Hot 100 chart history : Presented in 4K, please use the retw‚Ä¶"
2021-12-04 3:41:26,"RT @mslizzieforbes: It took Olivia Rodrigo more than 8 months to say ‚Äòdon‚Äôt send death threats‚Äô.
Joshua Bassett and Sabrina Carpenter have‚Ä¶"
2021-12-04 3:41:22,RT @jelousyliv: ‚ÄòSOUR‚Äô being named the best album of 2021 by rolling stone?! olivia rodrigo keeps winning https://t.co/Gwlc3ng795
2021-12-04 3:41:07,"RT @DailyRodrigo: üèÜ | @RollingStone named SOUR the best album of the year! 

‚ÄúWith Sour, Olivia dropped a greatest-hits album on her first‚Ä¶"
2021-12-04 3:40:56,@InterAmbrose @doggalt2 You would cream on Tyrone and Jamal before creaming on olivia Rodrigo
2021-12-04 3:40:31,RT @livsreputation: As Olivia Rodrigo once said ‚Ä¶‚Ä¶ what do you want me to write about‚Ä¶.. taxes????